{"data":[{"ObjectIdentifier": "S-1-5-21-3927696377-1337352550-2781715495-1000", "AllowedToAct": [], "PrimaryGroupSID": "S-1-5-21-3927696377-1337352550-2781715495-516", "LocalAdmins": {"Collected": true, "FailureReason": null, "Results": [{"ObjectIdentifier": "S-1-5-21-3927696377-1337352550-2781715495-500", "ObjectType": "User"}, {"ObjectIdentifier": "S-1-5-21-3927696377-1337352550-2781715495-519", "ObjectType": "Group"}, {"ObjectIdentifier": "S-1-5-21-3927696377-1337352550-2781715495-512", "ObjectType": "Group"}]}, "PSRemoteUsers": {"Collected": true, "FailureReason": null, "Results": [{"ObjectIdentifier": "S-1-5-21-3927696377-1337352550-2781715495-1109", "ObjectType": "User"}, {"ObjectIdentifier": "S-1-5-21-3927696377-1337352550-2781715495-1601", "ObjectType": "User"}]}, "Properties": {"name": "DC.VOLEUR.HTB", "domainsid": "S-1-5-21-3927696377-1337352550-2781715495", "domain": "VOLEUR.HTB", "distinguishedname": "CN=DC,OU=DOMAIN CONTROLLERS,DC=VOLEUR,DC=HTB", "unconstraineddelegation": true, "enabled": true, "trustedtoauth": false, "samaccountname": "DC$", "haslaps": false, "lastlogon": 1754100120, "lastlogontimestamp": 1753387238, "pwdlastset": 1748552504, "whencreated": 1738140186, "serviceprincipalnames": ["Dfsr-12F9A27C-BF97-4787-9364-D31B6C55EB04/DC.voleur.htb", "ldap/DC.voleur.htb/ForestDnsZones.voleur.htb", "ldap/DC.voleur.htb/DomainDnsZones.voleur.htb", "DNS/DC.voleur.htb", "GC/DC.voleur.htb/voleur.htb", "RestrictedKrbHost/DC.voleur.htb", "RestrictedKrbHost/DC", "RPC/f8da7517-7da6-4ed9-a360-8a1cbcaf160f._msdcs.voleur.htb", "HOST/DC/VOLEUR", "HOST/DC.voleur.htb/VOLEUR", "HOST/DC", "HOST/DC.voleur.htb", "HOST/DC.voleur.htb/voleur.htb", "E3514235-4B06-11D1-AB04-00C04FC2DCD2/f8da7517-7da6-4ed9-a360-8a1cbcaf160f/voleur.htb", "ldap/DC/VOLEUR", "ldap/f8da7517-7da6-4ed9-a360-8a1cbcaf160f._msdcs.voleur.htb", "ldap/DC.voleur.htb/VOLEUR", "ldap/DC", "ldap/DC.voleur.htb", "ldap/DC.voleur.htb/voleur.htb"], "description": null, "operatingsystem": "Windows Server 2022 Standard", "sidhistory": []}, "RemoteDesktopUsers": {"Collected": true, "FailureReason": null, "Results": []}, "DcomUsers": {"Collected": true, "FailureReason": null, "Results": []}, "AllowedToDelegate": [], "Sessions": {"Collected": true, "FailureReason": null, "Results": []}, "PrivilegedSessions": {"Collected": false, "FailureReason": null, "Results": []}, "RegistrySessions": {"Collected": false, "FailureReason": null, "Results": []}, "Aces": [{"RightName": "Owns", "IsInherited": false, "PrincipalSID": "S-1-5-21-3927696377-1337352550-2781715495-512", "PrincipalType": "Group"}, {"RightName": "GenericAll", "IsInherited": false, "PrincipalSID": "S-1-5-21-3927696377-1337352550-2781715495-512", "PrincipalType": "Group"}, {"RightName": "AddKeyCredentialLink", "IsInherited": true, "PrincipalSID": "S-1-5-21-3927696377-1337352550-2781715495-526", "PrincipalType": "Group"}, {"RightName": "AddKeyCredentialLink", "IsInherited": true, "PrincipalSID": "S-1-5-21-3927696377-1337352550-2781715495-527", "PrincipalType": "Group"}, {"RightName": "GenericAll", "IsInherited": true, "PrincipalSID": "S-1-5-21-3927696377-1337352550-2781715495-519", "PrincipalType": "Group"}, {"RightName": "GenericWrite", "IsInherited": true, "PrincipalSID": "VOLEUR.HTB-S-1-5-32-544", "PrincipalType": "Group"}, {"RightName": "WriteOwner", "IsInherited": true, "PrincipalSID": "VOLEUR.HTB-S-1-5-32-544", "PrincipalType": "Group"}, {"RightName": "WriteDacl", "IsInherited": true, "PrincipalSID": "VOLEUR.HTB-S-1-5-32-544", "PrincipalType": "Group"}], "HasSIDHistory": [], "IsDeleted": false, "Status": null, "IsACLProtected": false}],"meta":{"methods":0,"type":"computers","count":1, "version":5}}