{"data":[{"ObjectIdentifier": "A203E2A6-3D3C-49B4-94D0-5B9DFAB90B50", "Properties": {"domain": "TOMBWATCHER.HTB", "name": "WMIGPO@TOMBWATCHER.HTB", "distinguishedname": "CN=WMIGPO,CN=WMIPOLICY,CN=SYSTEM,DC=TOMBWATCHER,DC=HTB", "domainsid": "S-1-5-21-1392491010-1358638721-2126982587", "highvalue": false, "description": "", "whencreated": 1731715301}, "IsDeleted": false, "IsACLProtected": false, "Aces": [{"RightName": "Owns", "IsInherited": false, "PrincipalSID": "S-1-5-21-1392491010-1358638721-2126982587-512", "PrincipalType": "Group"}, {"RightName": "WriteOwner", "IsInherited": false, "PrincipalSID": "S-1-5-21-1392491010-1358638721-2126982587-512", "PrincipalType": "Group"}, {"RightName": "WriteDacl", "IsInherited": false, "PrincipalSID": "S-1-5-21-1392491010-1358638721-2126982587-512", "PrincipalType": "Group"}, {"RightName": "GenericAll", "IsInherited": true, "PrincipalSID": "S-1-5-21-1392491010-1358638721-2126982587-519", "PrincipalType": "Group"}, {"RightName": "GenericAll", "IsInherited": true, "PrincipalSID": "S-1-5-21-1392491010-1358638721-2126982587-512", "PrincipalType": "Group"}], "ChildObjects": []},{"ObjectIdentifier": "85509F8B-6BB1-40EB-BD38-82F633C4A036", "Properties": {"domain": "TOMBWATCHER.HTB", "name": "POLICYTYPE@TOMBWATCHER.HTB", "distinguishedname": "CN=POLICYTYPE,CN=WMIPOLICY,CN=SYSTEM,DC=TOMBWATCHER,DC=HTB", "domainsid": "S-1-5-21-1392491010-1358638721-2126982587", "highvalue": false, "description": "", "whencreated": 1731715301}, "IsDeleted": false, "IsACLProtected": false, "Aces": [{"RightName": "Owns", "IsInherited": false, "PrincipalSID": "S-1-5-21-1392491010-1358638721-2126982587-512", "PrincipalType": "Group"}, {"RightName": "WriteOwner", "IsInherited": false, "PrincipalSID": "S-1-5-21-1392491010-1358638721-2126982587-512", "PrincipalType": "Group"}, {"RightName": "WriteDacl", "IsInherited": false, "PrincipalSID": "S-1-5-21-1392491010-1358638721-2126982587-512", "PrincipalType": "Group"}, {"RightName": "GenericAll", "IsInherited": true, "PrincipalSID": "S-1-5-21-1392491010-1358638721-2126982587-519", "PrincipalType": "Group"}, {"RightName": "GenericAll", "IsInherited": true, "PrincipalSID": "S-1-5-21-1392491010-1358638721-2126982587-512", "PrincipalType": "Group"}], "ChildObjects": []},{"ObjectIdentifier": "2F8C8FEC-3361-462A-8B04-348FD56BA63B", "Properties": {"domain": "TOMBWATCHER.HTB", "name": "SOM@TOMBWATCHER.HTB", "distinguishedname": "CN=SOM,CN=WMIPOLICY,CN=SYSTEM,DC=TOMBWATCHER,DC=HTB", "domainsid": "S-1-5-21-1392491010-1358638721-2126982587", "highvalue": false, "description": "", "whencreated": 1731715301}, "IsDeleted": false, "IsACLProtected": true, "Aces": [{"RightName": "Owns", "IsInherited": false, "PrincipalSID": "S-1-5-21-1392491010-1358638721-2126982587-512", "PrincipalType": "Group"}, {"RightName": "GenericAll", "IsInherited": false, "PrincipalSID": "S-1-5-21-1392491010-1358638721-2126982587-512", "PrincipalType": "Group"}, {"RightName": "GenericAll", "IsInherited": false, "PrincipalSID": "S-1-5-21-1392491010-1358638721-2126982587-519", "PrincipalType": "Group"}], "ChildObjects": []},{"ObjectIdentifier": "DEA212F6-0CD9-4E76-8A3D-4ECADCA2656E", "Properties": {"domain": "TOMBWATCHER.HTB", "name": "POLICYTEMPLATE@TOMBWATCHER.HTB", "distinguishedname": "CN=POLICYTEMPLATE,CN=WMIPOLICY,CN=SYSTEM,DC=TOMBWATCHER,DC=HTB", "domainsid": "S-1-5-21-1392491010-1358638721-2126982587", "highvalue": false, "description": "", "whencreated": 1731715301}, "IsDeleted": false, "IsACLProtected": false, "Aces": [{"RightName": "Owns", "IsInherited": false, "PrincipalSID": "S-1-5-21-1392491010-1358638721-2126982587-512", "PrincipalType": "Group"}, {"RightName": "WriteOwner", "IsInherited": false, "PrincipalSID": "S-1-5-21-1392491010-1358638721-2126982587-512", "PrincipalType": "Group"}, {"RightName": "WriteDacl", "IsInherited": false, "PrincipalSID": "S-1-5-21-1392491010-1358638721-2126982587-512", "PrincipalType": "Group"}, {"RightName": "GenericAll", "IsInherited": true, "PrincipalSID": "S-1-5-21-1392491010-1358638721-2126982587-519", "PrincipalType": "Group"}, {"RightName": "GenericAll", "IsInherited": true, "PrincipalSID": "S-1-5-21-1392491010-1358638721-2126982587-512", "PrincipalType": "Group"}], "ChildObjects": []},{"ObjectIdentifier": "AE188315-FE27-4BB8-A675-08D92FB15B93", "Properties": {"domain": "TOMBWATCHER.HTB", "name": "WMIPOLICY@TOMBWATCHER.HTB", "distinguishedname": "CN=WMIPOLICY,CN=SYSTEM,DC=TOMBWATCHER,DC=HTB", "domainsid": "S-1-5-21-1392491010-1358638721-2126982587", "highvalue": false, "description": "", "whencreated": 1731715301}, "IsDeleted": false, "IsACLProtected": true, "Aces": [{"RightName": "Owns", "IsInherited": false, "PrincipalSID": "S-1-5-21-1392491010-1358638721-2126982587-512", "PrincipalType": "Group"}, {"RightName": "GenericAll", "IsInherited": false, "PrincipalSID": "S-1-5-21-1392491010-1358638721-2126982587-519", "PrincipalType": "Group"}, {"RightName": "GenericAll", "IsInherited": false, "PrincipalSID": "S-1-5-21-1392491010-1358638721-2126982587-512", "PrincipalType": "Group"}], "ChildObjects": []},{"ObjectIdentifier": "6968FB1D-76F0-47C3-BBE7-8C159384237D", "Properties": {"domain": "TOMBWATCHER.HTB", "name": "COMPARTITIONSETS@TOMBWATCHER.HTB", "distinguishedname": "CN=COMPARTITIONSETS,CN=SYSTEM,DC=TOMBWATCHER,DC=HTB", "domainsid": "S-1-5-21-1392491010-1358638721-2126982587", "highvalue": false, "description": "", "whencreated": 1731715301}, "IsDeleted": false, "IsACLProtected": false, "Aces": [{"RightName": "Owns", "IsInherited": false, "PrincipalSID": "S-1-5-21-1392491010-1358638721-2126982587-512", "PrincipalType": "Group"}, {"RightName": "WriteOwner", "IsInherited": false, "PrincipalSID": "S-1-5-21-1392491010-1358638721-2126982587-512", "PrincipalType": "Group"}, {"RightName": "WriteDacl", "IsInherited": false, "PrincipalSID": "S-1-5-21-1392491010-1358638721-2126982587-512", "PrincipalType": "Group"}, {"RightName": "GenericAll", "IsInherited": true, "PrincipalSID": "S-1-5-21-1392491010-1358638721-2126982587-519", "PrincipalType": "Group"}, {"RightName": "WriteOwner", "IsInherited": true, "PrincipalSID": "TOMBWATCHER.HTB-S-1-5-32-544", "PrincipalType": "Group"}, {"RightName": "WriteDacl", "IsInherited": true, "PrincipalSID": "TOMBWATCHER.HTB-S-1-5-32-544", "PrincipalType": "Group"}], "ChildObjects": []},{"ObjectIdentifier": "F83B038E-866B-4C09-BC0B-3113DBA84077", "Properties": {"domain": "TOMBWATCHER.HTB", "name": "COMPARTITIONS@TOMBWATCHER.HTB", "distinguishedname": "CN=COMPARTITIONS,CN=SYSTEM,DC=TOMBWATCHER,DC=HTB", "domainsid": "S-1-5-21-1392491010-1358638721-2126982587", "highvalue": false, "description": "", "whencreated": 1731715301}, "IsDeleted": false, "IsACLProtected": false, "Aces": [{"RightName": "Owns", "IsInherited": false, "PrincipalSID": "S-1-5-21-1392491010-1358638721-2126982587-512", "PrincipalType": "Group"}, {"RightName": "WriteOwner", "IsInherited": false, "PrincipalSID": "S-1-5-21-1392491010-1358638721-2126982587-512", "PrincipalType": "Group"}, {"RightName": "WriteDacl", "IsInherited": false, "PrincipalSID": "S-1-5-21-1392491010-1358638721-2126982587-512", "PrincipalType": "Group"}, {"RightName": "GenericAll", "IsInherited": true, "PrincipalSID": "S-1-5-21-1392491010-1358638721-2126982587-519", "PrincipalType": "Group"}, {"RightName": "WriteOwner", "IsInherited": true, "PrincipalSID": "TOMBWATCHER.HTB-S-1-5-32-544", "PrincipalType": "Group"}, {"RightName": "WriteDacl", "IsInherited": true, "PrincipalSID": "TOMBWATCHER.HTB-S-1-5-32-544", "PrincipalType": "Group"}], "ChildObjects": []},{"ObjectIdentifier": "8343A753-4731-45C7-AADB-28AED33377CB", "Properties": {"domain": "TOMBWATCHER.HTB", "name": "ADMINSDHOLDER@TOMBWATCHER.HTB", "distinguishedname": "CN=ADMINSDHOLDER,CN=SYSTEM,DC=TOMBWATCHER,DC=HTB", "domainsid": "S-1-5-21-1392491010-1358638721-2126982587", "highvalue": false, "description": "", "whencreated": 1731715301}, "IsDeleted": false, "IsACLProtected": true, "Aces": [{"RightName": "Owns", "IsInherited": false, "PrincipalSID": "S-1-5-21-1392491010-1358638721-2126982587-512", "PrincipalType": "Group"}, {"RightName": "WriteOwner", "IsInherited": false, "PrincipalSID": "S-1-5-21-1392491010-1358638721-2126982587-512", "PrincipalType": "Group"}, {"RightName": "WriteDacl", "IsInherited": false, "PrincipalSID": "S-1-5-21-1392491010-1358638721-2126982587-512", "PrincipalType": "Group"}, {"RightName": "WriteOwner", "IsInherited": false, "PrincipalSID": "S-1-5-21-1392491010-1358638721-2126982587-519", "PrincipalType": "Group"}, {"RightName": "WriteDacl", "IsInherited": false, "PrincipalSID": "S-1-5-21-1392491010-1358638721-2126982587-519", "PrincipalType": "Group"}, {"RightName": "WriteOwner", "IsInherited": false, "PrincipalSID": "TOMBWATCHER.HTB-S-1-5-32-544", "PrincipalType": "Group"}, {"RightName": "WriteDacl", "IsInherited": false, "PrincipalSID": "TOMBWATCHER.HTB-S-1-5-32-544", "PrincipalType": "Group"}], "ChildObjects": []},{"ObjectIdentifier": "D0293908-D88A-4CBD-9A59-4ED0029B7765", "Properties": {"domain": "TOMBWATCHER.HTB", "name": "RAS AND IAS SERVERS ACCESS CHECK@TOMBWATCHER.HTB", "distinguishedname": "CN=RAS AND IAS SERVERS ACCESS CHECK,CN=SYSTEM,DC=TOMBWATCHER,DC=HTB", "domainsid": "S-1-5-21-1392491010-1358638721-2126982587", "highvalue": false, "description": "", "whencreated": 1731715301}, "IsDeleted": false, "IsACLProtected": false, "Aces": [{"RightName": "Owns", "IsInherited": false, "PrincipalSID": "S-1-5-21-1392491010-1358638721-2126982587-512", "PrincipalType": "Group"}, {"RightName": "WriteOwner", "IsInherited": false, "PrincipalSID": "S-1-5-21-1392491010-1358638721-2126982587-553", "PrincipalType": "Group"}, {"RightName": "WriteDacl", "IsInherited": false, "PrincipalSID": "S-1-5-21-1392491010-1358638721-2126982587-553", "PrincipalType": "Group"}, {"RightName": "GenericAll", "IsInherited": true, "PrincipalSID": "S-1-5-21-1392491010-1358638721-2126982587-519", "PrincipalType": "Group"}, {"RightName": "WriteOwner", "IsInherited": true, "PrincipalSID": "TOMBWATCHER.HTB-S-1-5-32-544", "PrincipalType": "Group"}, {"RightName": "WriteDacl", "IsInherited": true, "PrincipalSID": "TOMBWATCHER.HTB-S-1-5-32-544", "PrincipalType": "Group"}], "ChildObjects": []},{"ObjectIdentifier": "AB8ACF62-29CC-4C5D-98D3-9FD599105A80", "Properties": {"domain": "TOMBWATCHER.HTB", "name": "POLICIES@TOMBWATCHER.HTB", "distinguishedname": "CN=POLICIES,CN=SYSTEM,DC=TOMBWATCHER,DC=HTB", "domainsid": "S-1-5-21-1392491010-1358638721-2126982587", "highvalue": false, "description": "", "whencreated": 1731715301}, "IsDeleted": false, "IsACLProtected": false, "Aces": [{"RightName": "Owns", "IsInherited": false, "PrincipalSID": "S-1-5-21-1392491010-1358638721-2126982587-512", "PrincipalType": "Group"}, {"RightName": "WriteOwner", "IsInherited": false, "PrincipalSID": "S-1-5-21-1392491010-1358638721-2126982587-512", "PrincipalType": "Group"}, {"RightName": "WriteDacl", "IsInherited": false, "PrincipalSID": "S-1-5-21-1392491010-1358638721-2126982587-512", "PrincipalType": "Group"}, {"RightName": "GenericAll", "IsInherited": true, "PrincipalSID": "S-1-5-21-1392491010-1358638721-2126982587-519", "PrincipalType": "Group"}, {"RightName": "WriteOwner", "IsInherited": true, "PrincipalSID": "TOMBWATCHER.HTB-S-1-5-32-544", "PrincipalType": "Group"}, {"RightName": "WriteDacl", "IsInherited": true, "PrincipalSID": "TOMBWATCHER.HTB-S-1-5-32-544", "PrincipalType": "Group"}], "ChildObjects": []},{"ObjectIdentifier": "E61B824C-2D1E-442E-B09F-99B6DA353E76", "Properties": {"domain": "TOMBWATCHER.HTB", "name": "MEETINGS@TOMBWATCHER.HTB", "distinguishedname": "CN=MEETINGS,CN=SYSTEM,DC=TOMBWATCHER,DC=HTB", "domainsid": "S-1-5-21-1392491010-1358638721-2126982587", "highvalue": false, "description": "", "whencreated": 1731715301}, "IsDeleted": false, "IsACLProtected": false, "Aces": [{"RightName": "Owns", "IsInherited": false, "PrincipalSID": "S-1-5-21-1392491010-1358638721-2126982587-512", "PrincipalType": "Group"}, {"RightName": "WriteOwner", "IsInherited": false, "PrincipalSID": "S-1-5-21-1392491010-1358638721-2126982587-512", "PrincipalType": "Group"}, {"RightName": "WriteDacl", "IsInherited": false, "PrincipalSID": "S-1-5-21-1392491010-1358638721-2126982587-512", "PrincipalType": "Group"}, {"RightName": "GenericAll", "IsInherited": true, "PrincipalSID": "S-1-5-21-1392491010-1358638721-2126982587-519", "PrincipalType": "Group"}, {"RightName": "WriteOwner", "IsInherited": true, "PrincipalSID": "TOMBWATCHER.HTB-S-1-5-32-544", "PrincipalType": "Group"}, {"RightName": "WriteDacl", "IsInherited": true, "PrincipalSID": "TOMBWATCHER.HTB-S-1-5-32-544", "PrincipalType": "Group"}], "ChildObjects": []},{"ObjectIdentifier": "6FE69984-FBAF-40A9-B38D-ADF0B3799524", "Properties": {"domain": "TOMBWATCHER.HTB", "name": "WINSOCKSERVICES@TOMBWATCHER.HTB", "distinguishedname": "CN=WINSOCKSERVICES,CN=SYSTEM,DC=TOMBWATCHER,DC=HTB", "domainsid": "S-1-5-21-1392491010-1358638721-2126982587", "highvalue": false, "description": "", "whencreated": 1731715301}, "IsDeleted": false, "IsACLProtected": false, "Aces": [{"RightName": "Owns", "IsInherited": false, "PrincipalSID": "S-1-5-21-1392491010-1358638721-2126982587-512", "PrincipalType": "Group"}, {"RightName": "WriteOwner", "IsInherited": false, "PrincipalSID": "S-1-5-21-1392491010-1358638721-2126982587-512", "PrincipalType": "Group"}, {"RightName": "WriteDacl", "IsInherited": false, "PrincipalSID": "S-1-5-21-1392491010-1358638721-2126982587-512", "PrincipalType": "Group"}, {"RightName": "GenericAll", "IsInherited": true, "PrincipalSID": "S-1-5-21-1392491010-1358638721-2126982587-519", "PrincipalType": "Group"}, {"RightName": "WriteOwner", "IsInherited": true, "PrincipalSID": "TOMBWATCHER.HTB-S-1-5-32-544", "PrincipalType": "Group"}, {"RightName": "WriteDacl", "IsInherited": true, "PrincipalSID": "TOMBWATCHER.HTB-S-1-5-32-544", "PrincipalType": "Group"}], "ChildObjects": []},{"ObjectIdentifier": "D5B24F30-6903-49FC-B6E8-2CF9475937B8", "Properties": {"domain": "TOMBWATCHER.HTB", "name": "MANAGED SERVICE ACCOUNTS@TOMBWATCHER.HTB", "distinguishedname": "CN=MANAGED SERVICE ACCOUNTS,DC=TOMBWATCHER,DC=HTB", "domainsid": "S-1-5-21-1392491010-1358638721-2126982587", "highvalue": false, "description": "Default container for managed service accounts", "whencreated": 1731715301}, "IsDeleted": false, "IsACLProtected": false, "Aces": [{"RightName": "Owns", "IsInherited": false, "PrincipalSID": "S-1-5-21-1392491010-1358638721-2126982587-512", "PrincipalType": "Group"}, {"RightName": "WriteOwner", "IsInherited": false, "PrincipalSID": "S-1-5-21-1392491010-1358638721-2126982587-512", "PrincipalType": "Group"}, {"RightName": "WriteDacl", "IsInherited": false, "PrincipalSID": "S-1-5-21-1392491010-1358638721-2126982587-512", "PrincipalType": "Group"}, {"RightName": "GenericAll", "IsInherited": true, "PrincipalSID": "S-1-5-21-1392491010-1358638721-2126982587-519", "PrincipalType": "Group"}, {"RightName": "WriteOwner", "IsInherited": true, "PrincipalSID": "TOMBWATCHER.HTB-S-1-5-32-544", "PrincipalType": "Group"}, {"RightName": "WriteDacl", "IsInherited": true, "PrincipalSID": "TOMBWATCHER.HTB-S-1-5-32-544", "PrincipalType": "Group"}], "ChildObjects": [{"ObjectIdentifier": "S-1-5-21-1392491010-1358638721-2126982587-1108", "ObjectType": "User"}]},{"ObjectIdentifier": "0D23D5A4-6DC8-45EF-A7E8-52C728761343", "Properties": {"domain": "TOMBWATCHER.HTB", "name": "MICROSOFT@TOMBWATCHER.HTB", "distinguishedname": "CN=MICROSOFT,CN=PROGRAM DATA,DC=TOMBWATCHER,DC=HTB", "domainsid": "S-1-5-21-1392491010-1358638721-2126982587", "highvalue": false, "description": "Default location for storage of Microsoft application data.", "whencreated": 1731715301}, "IsDeleted": false, "IsACLProtected": false, "Aces": [{"RightName": "Owns", "IsInherited": false, "PrincipalSID": "S-1-5-21-1392491010-1358638721-2126982587-512", "PrincipalType": "Group"}, {"RightName": "GenericAll", "IsInherited": false, "PrincipalSID": "S-1-5-21-1392491010-1358638721-2126982587-512", "PrincipalType": "Group"}, {"RightName": "GenericAll", "IsInherited": true, "PrincipalSID": "S-1-5-21-1392491010-1358638721-2126982587-519", "PrincipalType": "Group"}, {"RightName": "WriteOwner", "IsInherited": true, "PrincipalSID": "TOMBWATCHER.HTB-S-1-5-32-544", "PrincipalType": "Group"}, {"RightName": "WriteDacl", "IsInherited": true, "PrincipalSID": "TOMBWATCHER.HTB-S-1-5-32-544", "PrincipalType": "Group"}], "ChildObjects": []},{"ObjectIdentifier": "D9B78FF5-AE7E-46C3-928C-2BAF57B03E18", "Properties": {"domain": "TOMBWATCHER.HTB", "name": "PROGRAM DATA@TOMBWATCHER.HTB", "distinguishedname": "CN=PROGRAM DATA,DC=TOMBWATCHER,DC=HTB", "domainsid": "S-1-5-21-1392491010-1358638721-2126982587", "highvalue": false, "description": "Default location for storage of application data.", "whencreated": 1731715301}, "IsDeleted": false, "IsACLProtected": false, "Aces": [{"RightName": "Owns", "IsInherited": false, "PrincipalSID": "S-1-5-21-1392491010-1358638721-2126982587-512", "PrincipalType": "Group"}, {"RightName": "GenericAll", "IsInherited": false, "PrincipalSID": "S-1-5-21-1392491010-1358638721-2126982587-512", "PrincipalType": "Group"}, {"RightName": "GenericAll", "IsInherited": true, "PrincipalSID": "S-1-5-21-1392491010-1358638721-2126982587-519", "PrincipalType": "Group"}, {"RightName": "WriteOwner", "IsInherited": true, "PrincipalSID": "TOMBWATCHER.HTB-S-1-5-32-544", "PrincipalType": "Group"}, {"RightName": "WriteDacl", "IsInherited": true, "PrincipalSID": "TOMBWATCHER.HTB-S-1-5-32-544", "PrincipalType": "Group"}], "ChildObjects": []},{"ObjectIdentifier": "3AFEF36C-1C46-49C6-B0B7-0CFD7174E964", "Properties": {"domain": "TOMBWATCHER.HTB", "name": "FOREIGNSECURITYPRINCIPALS@TOMBWATCHER.HTB", "distinguishedname": "CN=FOREIGNSECURITYPRINCIPALS,DC=TOMBWATCHER,DC=HTB", "domainsid": "S-1-5-21-1392491010-1358638721-2126982587", "highvalue": false, "description": "Default container for security identifiers (SIDs) associated with objects from external, trusted domains", "whencreated": 1731715301}, "IsDeleted": false, "IsACLProtected": false, "Aces": [{"RightName": "Owns", "IsInherited": false, "PrincipalSID": "S-1-5-21-1392491010-1358638721-2126982587-512", "PrincipalType": "Group"}, {"RightName": "GenericAll", "IsInherited": false, "PrincipalSID": "S-1-5-21-1392491010-1358638721-2126982587-512", "PrincipalType": "Group"}, {"RightName": "GenericAll", "IsInherited": true, "PrincipalSID": "S-1-5-21-1392491010-1358638721-2126982587-519", "PrincipalType": "Group"}, {"RightName": "WriteOwner", "IsInherited": true, "PrincipalSID": "TOMBWATCHER.HTB-S-1-5-32-544", "PrincipalType": "Group"}, {"RightName": "WriteDacl", "IsInherited": true, "PrincipalSID": "TOMBWATCHER.HTB-S-1-5-32-544", "PrincipalType": "Group"}], "ChildObjects": []},{"ObjectIdentifier": "C5C7835D-ACB6-45C4-AD54-D88E443BF760", "Properties": {"domain": "TOMBWATCHER.HTB", "name": "SYSTEM@TOMBWATCHER.HTB", "distinguishedname": "CN=SYSTEM,DC=TOMBWATCHER,DC=HTB", "domainsid": "S-1-5-21-1392491010-1358638721-2126982587", "highvalue": false, "description": "Builtin system settings", "whencreated": 1731715301}, "IsDeleted": false, "IsACLProtected": false, "Aces": [{"RightName": "Owns", "IsInherited": false, "PrincipalSID": "S-1-5-21-1392491010-1358638721-2126982587-512", "PrincipalType": "Group"}, {"RightName": "WriteOwner", "IsInherited": false, "PrincipalSID": "S-1-5-21-1392491010-1358638721-2126982587-512", "PrincipalType": "Group"}, {"RightName": "WriteDacl", "IsInherited": false, "PrincipalSID": "S-1-5-21-1392491010-1358638721-2126982587-512", "PrincipalType": "Group"}, {"RightName": "GenericAll", "IsInherited": true, "PrincipalSID": "S-1-5-21-1392491010-1358638721-2126982587-519", "PrincipalType": "Group"}, {"RightName": "WriteOwner", "IsInherited": true, "PrincipalSID": "TOMBWATCHER.HTB-S-1-5-32-544", "PrincipalType": "Group"}, {"RightName": "WriteDacl", "IsInherited": true, "PrincipalSID": "TOMBWATCHER.HTB-S-1-5-32-544", "PrincipalType": "Group"}], "ChildObjects": []},{"ObjectIdentifier": "8104BCFC-7962-4A48-A240-E771F03A8D45", "Properties": {"domain": "TOMBWATCHER.HTB", "name": "COMPUTERS@TOMBWATCHER.HTB", "distinguishedname": "CN=COMPUTERS,DC=TOMBWATCHER,DC=HTB", "domainsid": "S-1-5-21-1392491010-1358638721-2126982587", "highvalue": false, "description": "Default container for upgraded computer accounts", "whencreated": 1731715301}, "IsDeleted": false, "IsACLProtected": false, "Aces": [{"RightName": "Owns", "IsInherited": false, "PrincipalSID": "S-1-5-21-1392491010-1358638721-2126982587-512", "PrincipalType": "Group"}, {"RightName": "WriteOwner", "IsInherited": false, "PrincipalSID": "S-1-5-21-1392491010-1358638721-2126982587-512", "PrincipalType": "Group"}, {"RightName": "WriteDacl", "IsInherited": false, "PrincipalSID": "S-1-5-21-1392491010-1358638721-2126982587-512", "PrincipalType": "Group"}, {"RightName": "GenericAll", "IsInherited": true, "PrincipalSID": "S-1-5-21-1392491010-1358638721-2126982587-519", "PrincipalType": "Group"}, {"RightName": "WriteOwner", "IsInherited": true, "PrincipalSID": "TOMBWATCHER.HTB-S-1-5-32-544", "PrincipalType": "Group"}, {"RightName": "WriteDacl", "IsInherited": true, "PrincipalSID": "TOMBWATCHER.HTB-S-1-5-32-544", "PrincipalType": "Group"}], "ChildObjects": []},{"ObjectIdentifier": "61408B11-4F9B-4084-9D31-CAFAEC87C15E", "Properties": {"domain": "TOMBWATCHER.HTB", "name": "USERS@TOMBWATCHER.HTB", "distinguishedname": "CN=USERS,DC=TOMBWATCHER,DC=HTB", "domainsid": "S-1-5-21-1392491010-1358638721-2126982587", "highvalue": false, "description": "Default container for upgraded user accounts", "whencreated": 1731715301}, "IsDeleted": false, "IsACLProtected": false, "Aces": [{"RightName": "Owns", "IsInherited": false, "PrincipalSID": "S-1-5-21-1392491010-1358638721-2126982587-512", "PrincipalType": "Group"}, {"RightName": "WriteOwner", "IsInherited": false, "PrincipalSID": "S-1-5-21-1392491010-1358638721-2126982587-512", "PrincipalType": "Group"}, {"RightName": "WriteDacl", "IsInherited": false, "PrincipalSID": "S-1-5-21-1392491010-1358638721-2126982587-512", "PrincipalType": "Group"}, {"RightName": "GenericAll", "IsInherited": true, "PrincipalSID": "S-1-5-21-1392491010-1358638721-2126982587-519", "PrincipalType": "Group"}, {"RightName": "WriteOwner", "IsInherited": true, "PrincipalSID": "TOMBWATCHER.HTB-S-1-5-32-544", "PrincipalType": "Group"}, {"RightName": "WriteDacl", "IsInherited": true, "PrincipalSID": "TOMBWATCHER.HTB-S-1-5-32-544", "PrincipalType": "Group"}], "ChildObjects": [{"ObjectIdentifier": "S-1-5-21-1392491010-1358638721-2126982587-518", "ObjectType": "Group"}, {"ObjectIdentifier": "S-1-5-21-1392491010-1358638721-2126982587-1105", "ObjectType": "User"}, {"ObjectIdentifier": "S-1-5-21-1392491010-1358638721-2126982587-521", "ObjectType": "Group"}, {"ObjectIdentifier": "S-1-5-21-1392491010-1358638721-2126982587-553", "ObjectType": "Group"}, {"ObjectIdentifier": "S-1-5-21-1392491010-1358638721-2126982587-525", "ObjectType": "Group"}, {"ObjectIdentifier": "S-1-5-21-1392491010-1358638721-2126982587-502", "ObjectType": "User"}, {"ObjectIdentifier": "S-1-5-21-1392491010-1358638721-2126982587-526", "ObjectType": "Group"}, {"ObjectIdentifier": "S-1-5-21-1392491010-1358638721-2126982587-1106", "ObjectType": "User"}, {"ObjectIdentifier": "S-1-5-21-1392491010-1358638721-2126982587-1107", "ObjectType": "Group"}, {"ObjectIdentifier": "S-1-5-21-1392491010-1358638721-2126982587-1103", "ObjectType": "User"}, {"ObjectIdentifier": "S-1-5-21-1392491010-1358638721-2126982587-501", "ObjectType": "User"}, {"ObjectIdentifier": "S-1-5-21-1392491010-1358638721-2126982587-520", "ObjectType": "Group"}, {"ObjectIdentifier": "S-1-5-21-1392491010-1358638721-2126982587-498", "ObjectType": "Group"}, {"ObjectIdentifier": "S-1-5-21-1392491010-1358638721-2126982587-527", "ObjectType": "Group"}, {"ObjectIdentifier": "S-1-5-21-1392491010-1358638721-2126982587-519", "ObjectType": "Group"}, {"ObjectIdentifier": "S-1-5-21-1392491010-1358638721-2126982587-513", "ObjectType": "Group"}, {"ObjectIdentifier": "S-1-5-21-1392491010-1358638721-2126982587-514", "ObjectType": "Group"}, {"ObjectIdentifier": "S-1-5-21-1392491010-1358638721-2126982587-516", "ObjectType": "Group"}, {"ObjectIdentifier": "S-1-5-21-1392491010-1358638721-2126982587-515", "ObjectType": "Group"}, {"ObjectIdentifier": "S-1-5-21-1392491010-1358638721-2126982587-512", "ObjectType": "Group"}, {"ObjectIdentifier": "S-1-5-21-1392491010-1358638721-2126982587-1102", "ObjectType": "Group"}, {"ObjectIdentifier": "S-1-5-21-1392491010-1358638721-2126982587-1101", "ObjectType": "Group"}, {"ObjectIdentifier": "S-1-5-21-1392491010-1358638721-2126982587-572", "ObjectType": "Group"}, {"ObjectIdentifier": "S-1-5-21-1392491010-1358638721-2126982587-522", "ObjectType": "Group"}, {"ObjectIdentifier": "S-1-5-21-1392491010-1358638721-2126982587-517", "ObjectType": "Group"}, {"ObjectIdentifier": "S-1-5-21-1392491010-1358638721-2126982587-571", "ObjectType": "Group"}, {"ObjectIdentifier": "S-1-5-21-1392491010-1358638721-2126982587-1104", "ObjectType": "User"}, {"ObjectIdentifier": "S-1-5-21-1392491010-1358638721-2126982587-500", "ObjectType": "User"}]}],"meta":{"methods":0,"type":"containers","count":19, "version":5}}